Reference ID,Name,Description,Alias Names,Business Logic,Class,Critical Data Element,Examples,Format Type,Format Description,GEAERO_Business Owner,GEAERO_Business Owner Department,GEAERO_Business Ownership Status,GEAERO_Data Classification,GEAERO_Data Group,GEAERO_Data Sub-Classification,GEAERO_DT Owner,GEAERO_Entered in Source System By,Lifecycle,Security Level,Tags,Classifications,Reference Data,Operation,Parent: Subdomain,Parent: Business Term,Parent: Metric,Parent: Domain,Stakeholder: Governance Owner,Stakeholder: Governance Administrator,Stakeholder: DG Admin,Stakeholder: Technical Data Steward,Stakeholder: System Admin,Stakeholder: DQ Analyst,Stakeholder: DG Viewer,Stakeholder: Force delete
BT-44FE0DE9,Accessory and QEC Repair(s),"Repair of any accessory (ATA Ch 73 through 80) or QEC (ATA Ch 71 and below) removed from an Engine that is either priced or quoted in the GE Accessory Repair Catalog, regardless of where such repairs are performed.",,,,,,,,,,,,,,,,,,,,,Create,,,,Contract,,,,,,,,
BT-082086DC,Airworthiness Directive or AD,"A document issued by the Approved Aviation Authority having jurisdiction over the Equipment which provides notice to an aircraft owner/operator of a known issue with respect to a specific aircraft, engine or operating system.",,,,,,,,,,,,,,,,,,,,,Create,,,,Contract,,,,,,,,
BT-86291220,Approved Aviation Authority or AAA,The Federal Aviation Administration of the United States (“FAA”) and/or equivalent foreign aviation authority having jurisdiction over the performance of the Services.,,,,,,,,,,,,,,,,,,,,,Create,,,,Contract,,,,,,,,
BT-577B1B82,Base Year,The calendar year in which the Base Price is applicable and which is the baseline year used for economic adjustments.,,,,,,,,,,,,,,,,,,,,,Create,,,,Contract,,,,,,,,
BT-9FAEAE8D,Beyond Economic Repair or BER,"Equipment condition for which GE’s charges to restore Equipment to the requirements of the Repair Specification exceed 65% of the price of a comparable item of Serviceable Equipment, as determined by GE.",,,,,,,,,,,,,,,,,,,,,Create,,,,Contract,,,,,,,,
BT-EF37C9C5,Business Day,"A day, excluding Saturdays, Sundays and public holidays, when banks are customarily open for business in the location of the DRS or the location of Customer, as applicable.",,,,,,,,,,,,,,,,,,,,,Create,,,,Contract,,,,,,,,
BT-FF082354,Component Repair(s),"Repair of any part removed from an Engine that is either priced or quoted in the GE Component Repair Directory, regardless of where and by whom such repairs are performed.",,,,,,,,,,,,,,,,,,,,,Create,,,,Contract,,,,,,,,
BT-F272FE9D,Day,"Calendar day, unless expressly stated otherwise in writing. If performance is due on a recognized public holiday of the DRS, performance shall be postponed until the next Business Day.",,,,,,,,,,,,,,,,,,,,,Create,,,,Contract,,,,,,,,
BT-1D92F8A6,Delivery,"The arrival of Customer's Equipment, together with the records and required data as defined in Exhibit C, shipping stands, containers, mounting adapters, inlet plugs and covers, Transportation Delivery Incoterms, whereby Customer fulfills the obligations of seller and GE fulfills the obligations of buyer. ""Deliver"" means the act by which Customer completes Delivery. [Drafting Note: Consult with Legal/ITC to ensure Incoterms match delivery obligations.]",,,,,,,,,,,,,,,,,,,,,Create,,,,Contract,,,,,,,,
BT-706F276B,Engine,"The Engine model identified in the Agreement which includes the bare engine assembly, including its essential LRUs, controls, accessories and other components as described in the OEM manual.",,,,,,,,,,,,,,,,,,,,,Create,,,,Contract,,,,,,,,
BT-737056F9,Equipment,"Customer’s Engines, Engine modules, Engine assemblies and sub-assemblies, Engine mounted controls and accessories, and the parts incorporated in any of those items [including/excluding] [Drafting Note: delete as appropriate] QEC shipped with the Engine.",,,,,,,,,,,,,,,,,,,,,Create,,,,Contract,,,,,,,,
BT-6A24FF96,Foreign Object Damage or FOD,"Damage to any portion of the Engine caused by impact with or ingestion of a non-Engine object such as birds, stones, hail, ice, vehicles, tools or debris. FOD may be further classified as a “Major FOD,"" which means FOD that causes an out of limit condition per the Aircraft Maintenance Manual, and which, either immediately or over time, requires the Engine to be removed from service or prevents the reinstallation of the Engine.",,,,,,,,,,,,,,,,,,,,,Create,,,,Contract,,,,,,,,
BT-703AF88A,Induction,The date work begins on the Equipment when all of the following have taken place: (i) GE’s receipt of the Equipment and all required data as defined in Exhibit C; (ii) receiving inspection (including pre-testing if needed); (iii) the Parties’ agreement on the Workscope; (iv) GE’s receipt of an acceptable purchase order; and (v) the Parties’ agreement on use of Customer Furnished Equipment (“CFE”).,,,,,,,,,,,,,,,,,,,,,Create,,,,Contract,,,,,,,,
BT-98977130,Interruption of Service,"An interruption due to (i) circumstances described in Exhibit B, Article 10 “Excusable Delay”, or (ii) Customer’s failure to timely provide GE with information, records, approvals, authorizations or parts to enable GE to proceed with the timely processing of the Equipment, or (iii) Delivery of Equipment with transit-caused damage or missing parts, and the Parties cannot immediately supply replacement parts.",,,,,,,,,,,,,,,,,,,,,Create,,,,Contract,,,,,,,,
BT-2F453DA1,Life Limited Part or LLP,A part with a limitation on use established by the OEM or the AAA stated in cumulative hours or cycles.,,,,,,,,,,,,,,,,,,,,,Create,,,,Contract,,,,,,,,
BT-4D49AD09,LLP Influencing Part(s) or Influencing Part(s),"Those parts associated with each LLP that can directly or indirectly influence LLP integrity, as identified in the engine manuals in Chapter 5, under the section “LLP Influencing parts”.",,,,,,,,,,,,,,,,,,,,,Create,,,,Contract,,,,,,,,
BT-558C06BA,Non-OEM Part,A part approved by the national airworthiness authorities and not designed or approved by the OEM. This part has its own part number which is not referenced in the OEM documentation.,,,,,,,,,,,,,,,,,,,,,Create,,,,Contract,,,,,,,,
BT-6F42A9FA,Non-OEM Repair,A repair approved by the national airworthiness authorities and not designed or approved by the OEM. This repair is not referenced in the OEM documentation.,,,,,,,,,,,,,,,,,,,,,Create,,,,Contract,,,,,,,,
BT-DE395F2D,OEM,"The original manufacturer of an item of Equipment, as approved by GE.",,,,,,,,,,,,,,,,,,,,,Create,,,,Contract,,,,,,,,
BT-0CCA6920,Performance Restoration or PR,"Services that restore Engine performance characteristics, including exhaust gas temperature (“EGT”) margin. PR will include, at a minimum: (i) exposure and refurbishment of the high pressure compressor, combustor and high pressure turbine modules; (ii) evaluation (at the module level), and (as required based on hardware conditions and time since last refurbishment) cleaning and refurbishment of the fan, low pressure compressor and low pressure turbine module flowpaths and seals; (iii) refurbishment of the EGT indication system; and (iv) inspection and test in accordance with the Component Maintenance Manual (and refurbishment, if required) of the fuel distribution and airflow control system components.",,,,,,,,,,,,,,,,,,,,,Create,,,,Contract,,,,,,,,
BT-08A7939F,Preliminary Workscope,"Customer Document identifying: (i) Equipment type and serial number, (ii) Services desired, and (iii) information such as Equipment removal cause, LLP status, build specification, AAA under whose jurisdiction the Services covered by this Agreement are to be performed, and AD status.",,,,,,,,,,,,,,,,,,,,,Create,,,,Contract,,,,,,,,
BT-0B34D6AB,Redelivery,"GE’s return of Serviceable Equipment to Customer with legally required certifications, Transportation Redelivery Incoterms, whereby Customer fulfills the obligations of buyer and GE fulfills the obligations of seller. ""Redeliver"" means the act by which GE completes Redelivery. [Drafting Note: Consult with Legal/ITC to ensure Incoterms match delivery obligations.]",,,,,,,,,,,,,,,,,,,,,Create,,,,Contract,,,,,,,,
BT-002342B2,Repair Specification,"Customer document(s) identifying the minimum baseline to which Equipment will be Serviced by GE. The Repair Specification will meet or exceed the recommendations of the OEM's operational specifications, applicable Engine maintenance or overhaul manuals, and Customer maintenance plan approved by the AAA.",,,,,,,,,,,,,,,,,,,,,Create,,,,Contract,,,,,,,,
BT-C60441CD,Repairable,Capable of being made Serviceable.,,,,,,,,,,,,,,,,,,,,,Create,,,,Contract,,,,,,,,
BT-2024359F,Rotable Part,A new or used Serviceable part drawn from a common pool of parts used to support one or more GE customers. The Rotable Part replaces a like part removed from the Equipment.,,,,,,,,,,,,,,,,,,,,,Create,,,,Contract,,,,,,,,
BT-7CB80950,Scrapped Parts,Those parts determined by GE to be BER or not Repairable.,,,,,,,,,,,,,,,,,,,,,Create,,,,Contract,,,,,,,,
BT-1474CA63,Services,"With respect to any item of Equipment, any of those maintenance, repair and overhaul services under this Agreement and the provision of parts, materials, labor, facilities, tooling, painting, plating and testing in connection therewith. “Serviced” will be construed accordingly.",,,,,,,,,,,,,,,,,,,,,Create,,,,Contract,,,,,,,,
BT-980AC3FC,Service Bulletin or SB,"The document issued by an OEM and identified as a Service Bulletin to notify Equipment operators of modifications, substitution of parts, special inspections, special checks, amendments of existing life limits or establishment of first-time life limits, or conversion of Equipment from one model to another.",,,,,,,,,,,,,,,,,,,,,Create,,,,Contract,,,,,,,,
BT-9F49C7C1,Serviceable,"Meeting all OEM and AAA specified standards for airworthiness, and compliant with the Repair Specification.",,,,,,,,,,,,,,,,,,,,,Create,,,,Contract,,,,,,,,
BT-4B07EA00,TAT,Turn Around Time.,,,,,,,,,,,,,,,,,,,,,Create,,,,Contract,,,,,,,,
BT-C4A6C389,Workscope,"The document written by GE and agreed upon by both GE and Customer, describing the repair or approach to repair of Equipment to meet the requirements of the Repair Specification and Preliminary Workscope.",,,,,,,,,,,,,,,,,,,,,Create,,,,Contract,,,,,,,,
BT-7B8BBF5C,Workscope Planning Guide,"The latest version of the document published by the OEM which describes the “on condition” maintenance concept for the Engines. This document communicates the timing and extent of work required to enable operators to achieve reliability, performance, and maintenance cost goals.",,,,,,,,,,,,,,,,,,,,,Create,,,,Contract,,,,,,,,
BT-A4865543,Adaptive Derate,"The resultant value from Table 6.1 when Take-off Derate and Climb Derate are compared for each flight. When the actual operating parameters do not precisely equal the values on the tables, Adaptive Derate will be calculated by performing linear interpolation within the tables’ closest stated values to the actual derate values. Two-dimensional linear interpolation will be applied, as necessary, and the resultant Adaptive Derate value will be rounded to 2 decimal places.",,,,,,,,,,,,,,,,,,,,,Create,,,,Contract,,,,,,,,
BT-1E237BC1,ADM,Average daily maximum temperature by airport as such data is set forth in the Boeing Aircraft Company Red Book.,,,,,,,,,,,,,,,,,,,,,Create,,,,Contract,,,,,,,,
BT-E288F5B3,Agreement,"This Rate Per EFH Engine Services Agreement, as the same may be amended or supplemented from time to time, including all its Exhibits.",,,,,,,,,,,,,,,,,,,,,Create,,,,Contract,,,,,,,,
BT-10A757A1,Aircraft Accident,An occurrence caused by the operation of an aircraft in; (i) which any person suffers a fatal injury or serious injury as a result of being in or upon the aircraft or by direct contact with the aircraft or anything attached to the aircraft; or (ii) the aircraft receives substantial damage; or (iii) a third party’s property is damaged in any way.,,,,,,,,,,,,,,,,,,,,,Create,,,,Contract,,,,,,,,
BT-FF4AA21F,Aircraft Caused Failure,An occurrence whereby an Engine is rendered Unserviceable as a result of damage by the aircraft (or system thereof).,,,,,,,,,,,,,,,,,,,,,Create,,,,Contract,,,,,,,,
BT-35E514B3,Aircraft Incident,"An occurrence, other than an Aircraft Accident, caused by the operation of an aircraft that affects or could affect the safety of operations and that is investigated and reported.",,,,,,,,,,,,,,,,,,,,,Create,,,,Contract,,,,,,,,
BT-0232D419,Airworthiness Directive,"A document issued by the AAA having jurisdiction over the Engines, identifying an unsafe condition relating to such Engines and, as appropriate, prescribing inspections and the conditions and limitations, if any, under which the Engines may continue to operate.",,,,,,,,,,,,,,,,,,,,,Create,,,,Contract,,,,,,,,
BT-9E0A58BD,Approved Aviation Authority,"As applicable, the Federal Aviation Administration of the United States (“FAA”), the European Aviation Safety Authority (“EASA”) or, as identified by Customer and agreed in writing by GE, such other equivalent foreign aviation authority having jurisdiction over the performance of Services provided hereunder.",,,,,,,,,,,,,,,,,,,,,Create,,,,Contract,,,,,,,,
BT-5659180A,Approved Repair Station,Any GE owned or GE approved Repair Station as set forth in Exhibit K where GE performs Services on Engines.,,,,,,,,,,,,,,,,,,,,,Create,,,,Contract,,,,,,,,
BT-BCD2081F,Beyond Economic Repair,"When the cost, calculated on a Supplemental Work Services basis, to restore an Engine or part to the requirements of the Repair Specification exceeds 65% of the fair market value of a comparable Serviceable Engine or Serviceable part.",,,,,,,,,,,,,,,,,,,,,Create,,,,Contract,,,,,,,,
BT-E39F6F91,Climb Derate,"The calculated percentage of thrust reduction from the maximum available thrust at Climb Derate altitude (Ft) feet altitude, derived from data collected throughout the climb phase of flight.",,,,,,,,,,,,,,,,,,,,,Create,,,,Contract,,,,,,,,
BT-67CCCAB5,CLP,The manufacturer's Current catalog or manufacturer’s Current list price pertaining to a New Engine or part thereof.,,,,,,,,,,,,,,,,,,,,,Create,,,,Contract,,,,,,,,
BT-AFBC3754,Continuous Engine Operational Data,"Information generated by the Quick Access Recorder (QAR), Digital Flight Data Recorder (DFDR), or similar device, related to engine and aircraft flight and performance parameters.",,,,,,,,,,,,,,,,,,,,,Create,,,,Contract,,,,,,,,
BT-96FDCCAC,Current,As of the time of the applicable Service or determination.,,,,,,,,,,,,,,,,,,,,,Create,,,,Contract,,,,,,,,
BT-D6FCB147,Day,"A calendar day unless expressly stated otherwise in writing. When the word “Day” is used in relation to the day that the performance is due, then if such day is a Saturday or a Sunday or a day on which business of such nature is not carried out in the United States, GE ARS or in the state of incorporation of the Customer, performance shall be postponed until the next Day.",,,,,,,,,,,,,,,,,,,,,Create,,,,Contract,,,,,,,,
BT-FE0E994D,Delivery,"The arrival of an Engine together with all applicable records and required data Transportation Delivery Incoterms, whereby Customer fulfills the obligations of seller and GE fulfills the obligations of buyer. ""Deliver"" will mean the act by which Customer accomplishes Delivery.",,,,,,,,,,,,,,,,,,,,,Create,,,,Contract,,,,,,,,
BT-EDB4DE91,Departure Record,"A document used to describe the nature and details of the departure from the Instructions for Continued Airworthiness, service documents, or other FAA-approved/accepted documentation. It consists of the requirements, condition, deviation, technical data/assessment, substantiation and approvals associated with the departure.",,,,,,,,,,,,,,,,,,,,,Create,,,,Contract,,,,,,,,
BT-6A2ECC3C,Derivative Data,"Data generated from use of GE products and software or data created by GE that is anonymized, aggregated, de-identified or otherwise compiled on a generic basis from CEOD so as to not provide personal identification.",,,,,,,,,,,,,,,,,,,,,Create,,,,Contract,,,,,,,,
BT-F1E4053C,Dollars,The lawful currency of the United States of America.,,,,,,,,,,,,,,,,,,,,,Create,,,,Contract,,,,,,,,
BT-3A43E9FA,Engine,"Each bare engine assembly or, as applicable, Engine module, which is the subject of this Agreement and identified in Exhibit B, including, if applicable, its essential LRU’s if such LRU’s are identified in Exhibit I.",,,,,,,,,,,,,,,,,,,,,Create,,,,Contract,,,,,,,,
BT-F36D6C14,Engine Flight Hour,Engine flight hour expressed in hourly increments of aircraft flight from wheels up to wheels down.,,,,,,,,,,,,,,,,,,,,,Create,,,,Contract,,,,,,,,
BT-EF1392B2,Entry Shop Visit,"A Repair Station visit during which a Performance Restoration is performed on an Engine on a Supplemental Work Services basis and which includes the removal of all Non-OEM Parts, Non-OEM Repairs and non-OEM approved LRU’s. The purpose of the Entry Shop Visit is to qualify such Engine for the Rate Per EFH fixed rate pricing for subsequent Rate Per EFH Shop Visits.",,,,,,,,,,,,,,,,,,,,,Create,,,,Contract,,,,,,,,
BT-FE84DB8B,Foreign Object Damage,"Damage to any portion of the Engine caused by impact with or ingestion of a non-Engine object such as birds, hail, ice, or normal runway debris. FOD may be further classified as a “Major FOD,"" which means FOD that causes an out of limit condition per the Aircraft Maintenance Manual, and which, either immediately or over time, requires the Engine to be removed from service or prevents the reinstallation of the Engine.",,,,,,,,,,,,,,,,,,,,,Create,,,,Contract,,,,,,,,
BT-FD0A2B1E,Induction,The date work commences on the Engine at the ARS when all of the following have taken place: (i) GE’s receipt of the Engine and required data (ii) Parties’ approval of the Workscope (iii) Parties’ agreement on use of the Customer Furnished Equipment; and (iv) receiving inspection (including pre-testing if needed).,,,,,,,,,,,,,,,,,,,,,Create,,,,Contract,,,,,,,,
BT-CAC4E31E,Life Limited Part,"A part with a limitation on use established by the OEM or the AAA, stated in cumulative EFH or cycles.",,,,,,,,,,,,,,,,,,,,,Create,,,,Contract,,,,,,,,
BT-34B59CCA,LLP Cyclic Expiration,The number of LLP cycles remaining is less than or equal to 100 engine flight cycles.,,,,,,,,,,,,,,,,,,,,,Create,,,,Contract,,,,,,,,
BT-DB2615C2,LLP Influencing part,is a part that experience has shown can directly or indirectly influence the boundary conditions of the lifing system used to determine the LLP airworthiness limitations.,,,,,,,,,,,,,,,,,,,,,Create,,,,Contract,,,,,,,,
BT-9DBD33AA,LLP Minimum Build,The minimum cycles remaining on each LLP at the completion of a Performance Restoration shop visit. The LLP Minimum Build shall be the threshold used to determine which LLP are replaced at a Performance Restoration shop visit.,,,,,,,,,,,,,,,,,,,,,Create,,,,Contract,,,,,,,,
BT-61D8614C,Line Maintenance,"any repairs Customer is able to perform on-wing per the AMM and if results in removal of Engine for off-wing services, such services shall be treated as Supplemental Work Services.",,,,,,,,,,,,,,,,,,,,,Create,,,,Contract,,,,,,,,
BT-D9DC4EB7,Line Replaceable Unit,"A major control or accessory that is mounted on the external portion of an Engine, which can be replaced while the Engine is on-wing.",,,,,,,,,,,,,,,,,,,,,Create,,,,Contract,,,,,,,,
BT-B3BEC816,Material Adverse Change,any event or circumstance which in the opinion of GE is materially adverse to the operating or financial condition of Customer and which may affect either the ability of Customer to perform any of its obligations hereunder or the validity or enforcement of any of the security documents or any right or remedy of GE.,,,,,,,,,,,,,,,,,,,,,Create,,,,Contract,,,,,,,,
BT-8A00ABCC,New Engine,"An Engine which has not undergone a shop visit, which has less than 100 EFH since new and which contains only GE approved parts and GE approved repairs.",,,,,,,,,,,,,,,,,,,,,Create,,,,Contract,,,,,,,,
BT-62E9CD7B,Non-OEM Part,A part approved by the national airworthiness authorities and not designed or approved by the OEM. This part has its own part number which is not referenced in the OEM documentation.,,,,,,,,,,,,,,,,,,,,,Create,,,,Contract,,,,,,,,
BT-3C1C34A3,Non-OEM Repair,A repair approved by the national airworthiness authorities and not designed or approved by the OEM. This repair is not referenced in the OEM documentation.,,,,,,,,,,,,,,,,,,,,,Create,,,,Contract,,,,,,,,
BT-A13F55D5,OEM,The original manufacturer of an Engine or part thereof.,,,,,,,,,,,,,,,,,,,,,Create,,,,Contract,,,,,,,,
BT-7D5F42A5,Performance Restoration,"The Services performed during a shop visit in which, at a minimum, the combustor and high-pressure turbine are exposed and subsequently refurbished, consistent with the Repair Specification.",,,,,,,,,,,,,,,,,,,,,Create,,,,Contract,,,,,,,,
BT-3E18CEFD,Price Adjustment Matrix,The matrix set forth in Exhibit D by which the Rate Per EFH is adjusted based on Customer’s operating parameters.,,,,,,,,,,,,,,,,,,,,,Create,,,,Contract,,,,,,,,
BT-9591132C,Procedures Manual,"A separate document, not part of this Agreement, which provides detailed procedures and guidance for the administration of this Agreement. In case of conflict between the Procedures Manual and this Agreement, this Agreement will prevail.",,,,,,,,,,,,,,,,,,,,,Create,,,,Contract,,,,,,,,
BT-D0DC6F2C,Qualified Removal,the removal of an Engine from the Aircraft in accordance with the conditions set forth in Article 3.1 in order for the Engine to be eligible to receive Rate Per EFH Services.,,,,,,,,,,,,,,,,,,,,,Create,,,,Contract,,,,,,,,
BT-266E86ED,Rate Per EFH,The Rate Per EFH as set forth in Article 5.,,,,,,,,,,,,,,,,,,,,,Create,,,,Contract,,,,,,,,
BT-3ABEEFF5,Rate Per EFH Payments,Any payments made pursuant to Article 6.,,,,,,,,,,,,,,,,,,,,,Create,,,,Contract,,,,,,,,
BT-315ABBAA,Rate Per EFH Services,Those Services provided pursuant to Article 3.,,,,,,,,,,,,,,,,,,,,,Create,,,,Contract,,,,,,,,
BT-6A8FE4C7,Rate Per EFH Shop Visit,an Engine shop visit for Services that are covered as Rate Per EFH Services following a Qualified Removal of the Engine.,,,,,,,,,,,,,,,,,,,,,Create,,,,Contract,,,,,,,,
BT-36C57F9C,Redelivery,"The shipment of a Serviceable Engine with the following legally required certifications:, Transportation Redelivery Incoterms, whereby Customer fulfills the obligations of buyer and GE fulfills the obligations of seller. ""Redeliver"" will mean the act by which GE completes Redelivery.",,,,,,,,,,,,,,,,,,,,,Create,,,,Contract,,,,,,,,
BT-9F418924,Removal Schedule,The schedule jointly developed by GE and Customer for Engine removals for Services or Engine removal from operation.,,,,,,,,,,,,,,,,,,,,,Create,,,,Contract,,,,,,,,
BT-E3AA6E23,Repair Specification,"The mutually agreed repair specification which establishes the minimum baseline to which an Engine or part thereof will be inspected, repaired, modified, reassembled and tested to make and Engine Serviceable. Such Repair Specification will meet or exceed the recommendations of the OEM's operational specifications, applicable OEM maintenance or overhaul manuals, or other recommendations or methodologies as may be developed by the OEM based on data and analysis, and Customer's maintenance plan that has been approved by the AAA.",,,,,,,,,,,,,,,,,,,,,Create,,,,Contract,,,,,,,,
BT-3D0BF044,Repair Station,"One or more of the repair facilities owned by GE or its affiliates, now or in the future, which are certified by an appropriate AAA to perform the applicable Service hereunder. A list of such repair facilities will be provided upon request.",,,,,,,,,,,,,,,,,,,,,Create,,,,Contract,,,,,,,,
BT-5B807A79,Repairable,Capable of being made Serviceable.,,,,,,,,,,,,,,,,,,,,,Create,,,,Contract,,,,,,,,
BT-847BA71E,Rotable Part,A new or used Serviceable part drawn from a common pool of parts used to support one or more customers. A Rotable Part replaces a like part removed from an Engine when such removed part requires repair.,,,,,,,,,,,,,,,,,,,,,Create,,,,Contract,,,,,,,,
BT-3078131B,Scrapped Parts,Those parts determined by GE to be Unserviceable and BER.,,,,,,,,,,,,,,,,,,,,,Create,,,,Contract,,,,,,,,
BT-E50EF803,Service(s),"With respect to an Engine or part thereof, all or any part of those maintenance, repair and overhaul services provided under this Agreement as either Rate Per EFH Services or Supplemental Work Services. “Serviced” will be construed accordingly.",,,,,,,,,,,,,,,,,,,,,Create,,,,Contract,,,,,,,,
BT-97ACBA35,Service Bulletin,"The document issued and identified as a Service Bulletin by an OEM to notify the operator of modifications, substitution of parts, special inspections, special checks, amendment of existing life limits or establishment of first time life limits, or conversion of an Engine from one model to another.",,,,,,,,,,,,,,,,,,,,,Create,,,,Contract,,,,,,,,
BT-13D86429,Serviceable,Meeting all OEM and AAA specified standards for airworthiness.,,,,,,,,,,,,,,,,,,,,,Create,,,,Contract,,,,,,,,
BT-78B0BBAE,Static Temperature Adjusted to Sea Level,"The twelve (12) month rolling average of total air temperature data collected at every available take-off using snapshot data, adjusted in each case to zero aircraft speed and sea level elevation; provided that (i) in the event take-off snap shot data is not available, static airport temperature and airport altitude shall be obtained from the ADM database using Customer airport city-pair data, adjusted in each case to sea level elevation, and (ii) the ADM database shall be used for the first twelve (12) months of this Agreement or until twelve (12) months of take-off snapshot data is available, whichever is first to occur.",,,,,,,,,,,,,,,,,,,,,Create,,,,Contract,,,,,,,,
BT-97FDC869,Supplemental Work Services,Those Services provided in accordance with Article 4.,,,,,,,,,,,,,,,,,,,,,Create,,,,Contract,,,,,,,,
BT-1BBBB5ED,Take-Off Derate,"a percentage calculated using the following formula: ((Full Rated Thrust - Actual Thrust) / Full Rated Thrust) X 100 where: a. “Full Rated Thrust,” the maximum thrust available for take-off, is a function of altitude, mach number, Static Temperature Adjusted to Sea Level and bleed settings; and (b) “Actual Thrust” is a function of runway length, runway condition, gross weight of the aircraft and wind direction.",,,,,,,,,,,,,,,,,,,,,Create,,,,Contract,,,,,,,,
BT-8B6D8C9F,Unqualified Removal,Engine is removed from the Aircraft without satisfying the conditions set forth in Article 3.1 and is therefore not eligible to receive Rate Per EFH Services. Any Services following an Unqualified Removal will be billed as Supplemental Work Services per Article 4.1,,,,,,,,,,,,,,,,,,,,,Create,,,,Contract,,,,,,,,
BT-80F29B10,Unserviceable,Not meeting all OEM and AAA specified standards for airworthiness.,,,,,,,,,,,,,,,,,,,,,Create,,,,Contract,,,,,,,,
BT-52D4292E,Used Engine,An Engine which has undergone a shop visit or which has more than 100 EFH since new.,,,,,,,,,,,,,,,,,,,,,Create,,,,Contract,,,,,,,,
BT-948C29BE,Workscope,"The document written by GE describing the prescribed repair or approach to repair of an Engine to meet the requirements of the Repair Specification, including appropriate reliability and performance enhancements.",,,,,,,,,,,,,,,,,,,,,Create,,,,Contract,,,,,,,,
BT-20B119AB,Workscope Planning Guide,"The then-current version of the document published by GE which describes the “on condition” maintenance concept for the engines. This document communicates the timing and extent of work required to enable operators to achieve reliability, performance, and maintenance cost goals.",,,,,,,,,,,,,,,,,,,,,Create,,,,Contract,,,,,,,,
