Reference ID,Name,Description,Alias Names,Business Logic,Critical Data Element,Examples,Format Type,Format Description,Lifecycle,Security Level,Classifications,Reference Data,Operation,Parent: Subdomain,Parent: Business Term,Parent: Metric,Parent: Domain,Stakeholder: Governance Owner,Stakeholder: Governance Administrator
,Customer Domain,"The purpose of the Customer Domain is to maintain a single, authoritative view of all customers in the DELLO Marketplace. This domain captures essential customer information (e.g. identity, contact details, preferences) and serves as the foundation for personalized services and analytics. By effectively managing customer master data, the business can enhance customer experience, improve retention, and ensure that downstream processes (such as order fulfillment and customer support) have accurate and complete customer information. In essence, the Customer Domain answers ""Who is the customer?"" for every transaction, enabling the organization to better understand and serve its customer base.",,,,,,,,,,,Create,,,,main,,
,Customer,"The primary entity representing a buyer on the marketplace. A customer could be an individual consumer or a business client. Key attributes of a Customer include personal or company name, unique customer ID, contact details, and other profile information (e.g. preferences, loyalty tier).",,,,,,,,,,,Create,,,,main,,
,Customer Address,"Addresses associated with the customer, used for billing or shipping. Customers may have multiple addresses (e.g. home, work) stored in their profile. Each address record typically includes street, city, region, country, and postal code, and is linked to the corresponding Customer.",,,,,,,,,,,Create,,,,main,,
,Customer Segment,"A classification or grouping for customers based on defined criteria (for example, VIP, Gold/Silver/Bronze tiers, or retail vs. wholesale customer). Segments are used by the business to tailor marketing and service strategies. While not a physical entity, segment is a key conceptual entity derived from customer attributes and behavior. | Classification of the customer for business purposes (based on value, behavior, etc.). Stored as an attribute derived from profile or sales data.",,,,,,,,,,,Create,,,,main,,
,Customer ID,Unique identifier for a customer (primary key). Typically autogenerated and used to link customer data across systems.,,,,,,,,,,,Create,,,,main,,
,Customer Name,Full name of the individual or business. May be stored as First/Last name or a Company name.,,,,,,,,,,,Create,,,,main,,
,Email Address,"Customer's email contact, used for communication and login. Must be unique per customer.",,,,,,,,,,,Create,,,,main,,
,Phone Number,"Primary contact phone for the customer, including country/area code. Used for notifications or support.",,,,,,,,,,,Create,,,,main,,
,Default Address,The primary shipping or billing address on file for the customer. (Additional addresses are stored separately.),,,,,,,,,,,Create,,,,main,,
,Personalized Marketing & Promotions,"Marketing teams use customer data (e.g. past purchases, preferences, segments) to tailor promotions, recommend products, or enroll customers in loyalty rewards. For example, a Gold tier customer might receive an exclusive discount coupon based on their loyalty status.",,,,,,,,,,,Create,,,,main,,
,Customer Service & Support,"When a customer contacts support, the service agent accesses the Customer Domain to retrieve the profile, order history, and any prior issues. A complete customer record enables faster issue resolution and a more personalized support experience (""Know Your Customer"" in action).",,,,,,,,,,,Create,,,,main,,
,Sales Analysis & Customer Insights,"Business analysts leverage customer domain data to perform segmentation and behavior analysis. They can identify trends such as repeat purchase rates or churn indicators. For instance, the data can be used to find that customers in Segment A have higher repeat order frequency, informing strategies to improve retention across segments.",,,,,,,,,,,Create,,,,main,,
,Order Fulfillment Accuracy,"The fulfillment process relies on accurate customer information (correct shipping address, contact info). The Customer Domain ensures that orders are delivered to the right place and that customers receive timely notifications. Up-to-date address data reduces delivery errors and return-to-sender incidents.",,,,,,,,,,,Create,,,,main,,
,Regulatory Compliance & Privacy,"The Customer Domain also supports compliance use cases, such as honoring customer data privacy preferences and regulatory requirements. For example, if a customer requests data deletion or has opted out of marketing communications, those preferences stored in the domain are respected across all systems.",,,,,,,,,,,Create,,,,main,,
,Deliver,"Ensuring the right product reaches the right customer (order fulfillment, delivery confirmation, etc.).",,,,,,,,,,,Create,,,,main,,
,Return,Facilitating the efficient return of products from customers and handling reverse logistics and refunds.,,,,,,,,,,,Create,,,,main,,
,Unique Customer Records,"Each customer should have one and only one record. Duplicate customer entries (e.g. the same person registered twice under variations of their name) must be avoided or resolved via data cleansing to ensure a ""single version of truth"" for customer data.",,,,,,,,,,,Create,,,,main,,
,Mandatory Fields,"Critical fields such as Customer Name, Email, and Primary Contact (phone or email) are required for every record. These cannot be left blank. For business customers, additional required fields might include Company Name and Tax ID.",,,,,,,,,,,Create,,,,main,,
,Valid Data Formats,"Contact information must adhere to valid formats (e.g. email addresses must contain a valid ""@"" format[6], phone numbers should follow international or expected format rules). Address fields should be validated against standard postal formats (for example, zip code corresponds to state).",,,,,,,,,,,Create,,,,main,,
,Consistency and Standardization,"Data should be stored in a consistent manner. For instance, use standardized country and state codes (e.g. ""USA"" vs ""United States"" should be consistent), and maintain consistent formatting for names (proper casing) and phone numbers. This ensures uniform reporting and integration.",,,,,,,,,,,Create,,,,main,,
,Timeliness (Currency),"Customer information should be kept up-to-date. If a customer updates their address or contact info, changes must be captured promptly in the system. Stale or outdated data (like an old address) can lead to mis-shipments or communication failures.",,,,,,,,,,,Create,,,,main,,
,Privacy and Consent Compliance,"Ensure that any customer preferences regarding data privacy (such as GDPR requests, do-not-contact preferences) are accurately recorded. For example, if a customer opts out of marketing emails, that flag must be set correctly and honored in all marketing use cases. Data retention and deletion rules (e.g. removing or anonymizing data upon request) must also be followed.",,,,,,,,,,,Create,,,,main,,
,Marketplace Portal / E-Commerce Platform,"The primary source of customer data is the online marketplace application where customers register and manage their accounts. When a new customer signs up or updates their profile on the website or app, the information enters the Customer Domain.",,,,,,,,,,,Create,,,,main,,
,CRM System (Customer Relationship Management),"The business may use a CRM (e.g. Salesforce) to consolidate and enrich customer information. The CRM might capture additional details like customer communication logs, support tickets, or marketing campaign responses. It serves as a hub for sales and support teams to view and update customer data beyond the transactional details.",,,,,,,,,,,Create,,,,main,,
,Master Data Management (MDM) or Data Hub,"If an MDM solution is in place, it will aggregate customer data from multiple sources (e.g., the e-commerce platform, CRM, maybe subscription services) to create a single golden customer record. This ensures consistency across systems and provides one authoritative source for customer info.",,,,,,,,,,,Create,,,,main,,
,Data Warehouse / Analytics Systems,"Customer data is often replicated to an enterprise data warehouse or analytics platform. This enables reporting and analysis (e.g. customer lifetime value calculations, segmentation analysis). The data warehouse pulls customer dimension data from the Customer Domain to combine with transactional data (like orders) for business intelligence reports.",,,,,,,,,,,Create,,,,main,,
,Data Governance & Catalog,"In support of data governance, the definitions and metadata of customer data (glossary terms, data lineage) might be managed in a data catalog or governance tool (such as Informatica CDGC). This ensures that everyone in the organization understands the definitions (for example, what constitutes an ""Active Customer"") and source of customer data.",,,,,,,,,,,Create,,,,main,,
,Customer Profile,"The collection of data attributes associated with a customer, including personal details, contact information, preferences, and history. Maintained in the Customer Domain, a profile provides a 360-degree view of the customer.",,,,,,,,,,,Create,,,,main,,
,CRM (Customer Relationship Management) System,"A software system used to manage and analyze customer interactions and data throughout the customer lifecycle. In our context, the CRM is a source and repository of customer domain data, providing sales and support teams with customer information and history.",,,,,,,,,,,Create,,,,main,,
,Master Data Management (MDM),"A practice and technology for defining and managing an organization's critical master data (such as customer, product, supplier) to provide a single point of reference. In the Customer Domain, MDM ensures that there is one consistent and trusted customer record even if multiple systems contribute data[7]. This helps maintain data quality and consistency for customer information across the enterprise.",,,,,,,,,,,Create,,,,main,,
