Reference ID,Name,Description,Alias Names,Business Logic,Critical Data Element,Examples,Format Type,Format Description,Lifecycle,Security Level,Classifications,Reference Data,Operation,Parent: Subdomain,Parent: Business Term,Parent: Metric,Parent: Domain,Stakeholder: Governance Owner,Stakeholder: Governance Administrator
,Accessory and QEC Repair(s),"Repair of any accessory (ATA Ch 73 through 80) or QEC (ATA Ch 71 and below) removed from an Engine that is either priced or quoted in the GE Accessory Repair Catalog, regardless of where such repairs are performed.",,,,,,,,,,,Create,,,,main,,
,Airworthiness Directive or AD,"A document issued by the Approved Aviation Authority having jurisdiction over the Equipment which provides notice to an aircraft owner/operator of a known issue with respect to a specific aircraft, engine or operating system.",,,,,,,,,,,Create,,,,main,,
,Approved Aviation Authority or AAA,The Federal Aviation Administration of the United States (“FAA”) and/or equivalent foreign aviation authority having jurisdiction over the performance of the Services.,,,,,,,,,,,Create,,,,main,,
,Base Year,The calendar year in which the Base Price is applicable and which is the baseline year used for economic adjustments.,,,,,,,,,,,Create,,,,main,,
,Beyond Economic Repair or BER,"Equipment condition for which GE’s charges to restore Equipment to the requirements of the Repair Specification exceed 65% of the price of a comparable item of Serviceable Equipment, as determined by GE.",,,,,,,,,,,Create,,,,main,,
,Business Day,"A day, excluding Saturdays, Sundays and public holidays, when banks are customarily open for business in the location of the DRS or the location of Customer, as applicable.",,,,,,,,,,,Create,,,,main,,
,Component Repair(s),"Repair of any part removed from an Engine that is either priced or quoted in the GE Component Repair Directory, regardless of where and by whom such repairs are performed.",,,,,,,,,,,Create,,,,main,,
,Day,"Calendar day, unless expressly stated otherwise in writing. If performance is due on a recognized public holiday of the DRS, performance shall be postponed until the next Business Day.",,,,,,,,,,,Create,,,,main,,
,Delivery,"The arrival of Customer's Equipment, together with the records and required data as defined in Exhibit C, shipping stands, containers, mounting adapters, inlet plugs and covers, Transportation Delivery Incoterms, whereby Customer fulfills the obligations of seller and GE fulfills the obligations of buyer. ""Deliver"" means the act by which Customer completes Delivery. [Drafting Note: Consult with Legal/ITC to ensure Incoterms match delivery obligations.]",,,,,,,,,,,Create,,,,main,,
,Engine,"The Engine model identified in the Agreement which includes the bare engine assembly, including its essential LRUs, controls, accessories and other components as described in the OEM manual.",,,,,,,,,,,Create,,,,main,,
,Equipment,"Customer’s Engines, Engine modules, Engine assemblies and sub-assemblies, Engine mounted controls and accessories, and the parts incorporated in any of those items [including/excluding] [Drafting Note: delete as appropriate] QEC shipped with the Engine.",,,,,,,,,,,Create,,,,main,,
,Foreign Object Damage or FOD,"Damage to any portion of the Engine caused by impact with or ingestion of a non-Engine object such as birds, stones, hail, ice, vehicles, tools or debris. FOD may be further classified as a “Major FOD,"" which means FOD that causes an out of limit condition per the Aircraft Maintenance Manual, and which, either immediately or over time, requires the Engine to be removed from service or prevents the reinstallation of the Engine.",,,,,,,,,,,Create,,,,main,,
,Induction,The date work begins on the Equipment when all of the following have taken place: (i) GE’s receipt of the Equipment and all required data as defined in Exhibit C; (ii) receiving inspection (including pre-testing if needed); (iii) the Parties’ agreement on the Workscope; (iv) GE’s receipt of an acceptable purchase order; and (v) the Parties’ agreement on use of Customer Furnished Equipment (“CFE”).,,,,,,,,,,,Create,,,,main,,
,Interruption of Service,"An interruption due to (i) circumstances described in Exhibit B, Article 10 “Excusable Delay”, or (ii) Customer’s failure to timely provide GE with information, records, approvals, authorizations or parts to enable GE to proceed with the timely processing of the Equipment, or (iii) Delivery of Equipment with transit-caused damage or missing parts, and the Parties cannot immediately supply replacement parts.",,,,,,,,,,,Create,,,,main,,
,Life Limited Part or LLP,A part with a limitation on use established by the OEM or the AAA stated in cumulative hours or cycles.,,,,,,,,,,,Create,,,,main,,
,LLP Influencing Part(s) or Influencing Part(s),"Those parts associated with each LLP that can directly or indirectly influence LLP integrity, as identified in the engine manuals in Chapter 5, under the section “LLP Influencing parts”.",,,,,,,,,,,Create,,,,main,,
,Non-OEM Part,A part approved by the national airworthiness authorities and not designed or approved by the OEM. This part has its own part number which is not referenced in the OEM documentation.,,,,,,,,,,,Create,,,,main,,
,Non-OEM Repair,A repair approved by the national airworthiness authorities and not designed or approved by the OEM. This repair is not referenced in the OEM documentation.,,,,,,,,,,,Create,,,,main,,
,OEM,"The original manufacturer of an item of Equipment, as approved by GE.",,,,,,,,,,,Create,,,,main,,
,Performance Restoration or PR,"Services that restore Engine performance characteristics, including exhaust gas temperature (“EGT”) margin. PR will include, at a minimum: (i) exposure and refurbishment of the high pressure compressor, combustor and high pressure turbine modules; (ii) evaluation (at the module level), and (as required based on hardware conditions and time since last refurbishment) cleaning and refurbishment of the fan, low pressure compressor and low pressure turbine module flowpaths and seals; (iii) refurbishment of the EGT indication system; and (iv) inspection and test in accordance with the Component Maintenance Manual (and refurbishment, if required) of the fuel distribution and airflow control system components.",,,,,,,,,,,Create,,,,main,,
,Preliminary Workscope,"Customer Document identifying: (i) Equipment type and serial number, (ii) Services desired, and (iii) information such as Equipment removal cause, LLP status, build specification, AAA under whose jurisdiction the Services covered by this Agreement are to be performed, and AD status.",,,,,,,,,,,Create,,,,main,,
,Redelivery,"GE’s return of Serviceable Equipment to Customer with legally required certifications, Transportation Redelivery Incoterms, whereby Customer fulfills the obligations of buyer and GE fulfills the obligations of seller. ""Redeliver"" means the act by which GE completes Redelivery. [Drafting Note: Consult with Legal/ITC to ensure Incoterms match delivery obligations.]",,,,,,,,,,,Create,,,,main,,
,Repair Specification,"Customer document(s) identifying the minimum baseline to which Equipment will be Serviced by GE. The Repair Specification will meet or exceed the recommendations of the OEM's operational specifications, applicable Engine maintenance or overhaul manuals, and Customer maintenance plan approved by the AAA.",,,,,,,,,,,Create,,,,main,,
,Repairable,Capable of being made Serviceable.,,,,,,,,,,,Create,,,,main,,
,Rotable Part,A new or used Serviceable part drawn from a common pool of parts used to support one or more GE customers. The Rotable Part replaces a like part removed from the Equipment.,,,,,,,,,,,Create,,,,main,,
,Scrapped Parts,Those parts determined by GE to be BER or not Repairable.,,,,,,,,,,,Create,,,,main,,
,Services,"With respect to any item of Equipment, any of those maintenance, repair and overhaul services under this Agreement and the provision of parts, materials, labor, facilities, tooling, painting, plating and testing in connection therewith. “Serviced” will be construed accordingly.",,,,,,,,,,,Create,,,,main,,
,Service Bulletin or SB,"The document issued by an OEM and identified as a Service Bulletin to notify Equipment operators of modifications, substitution of parts, special inspections, special checks, amendments of existing life limits or establishment of first-time life limits, or conversion of Equipment from one model to another.",,,,,,,,,,,Create,,,,main,,
,Serviceable,"Meeting all OEM and AAA specified standards for airworthiness, and compliant with the Repair Specification.",,,,,,,,,,,Create,,,,main,,
,TAT,Turn Around Time.,,,,,,,,,,,Create,,,,main,,
,Workscope,"The document written by GE and agreed upon by both GE and Customer, describing the repair or approach to repair of Equipment to meet the requirements of the Repair Specification and Preliminary Workscope.",,,,,,,,,,,Create,,,,main,,
,Workscope Planning Guide,"The latest version of the document published by the OEM which describes the “on condition” maintenance concept for the Engines. This document communicates the timing and extent of work required to enable operators to achieve reliability, performance, and maintenance cost goals.",,,,,,,,,,,Create,,,,main,,
